Time,Layer,Lv_1,Lv_2
6/26/2019 0:00,0,1925.865096,759.39286
6/26/2019 0:00,1,1054.234241,412.205901
6/26/2019 0:00,3,500.2805103,543.7022229
