layer_depth,pwp,fc,sat,pe,b,ks,swcon
0.33,0.04,0.15,0.41,-1.5,3.1,0.00072,0.5
0.33,0.04,0.15,0.41,-1.5,3.1,0.00072,0.5
0.33,0.04,0.15,0.41,-1.5,3.1,0.00072,0.5
